[{"model": "cms.usersettings", "pk": 1, "fields": {"user": 1, "language": "de", "clipboard": 1}}, {"model": "cms.page", "pk": 1, "fields": {"path": "0001", "depth": 1, "numchild": 0, "created_by": "alaric", "changed_by": "alaric", "parent": null, "creation_date": "2018-11-09T14:47:58.114Z", "changed_date": "2018-11-09T15:20:06.349Z", "publication_date": "2018-11-09T14:47:58.136Z", "publication_end_date": null, "in_navigation": true, "soft_root": false, "reverse_id": null, "navigation_extenders": null, "template": "INHERIT", "site": 1, "login_required": false, "limit_visibility_in_menu": null, "is_home": true, "application_urls": null, "application_namespace": null, "publisher_is_draft": true, "publisher_public": 2, "languages": "de,fr", "revision_id": 0, "xframe_options": 0, "placeholders": [2]}}, {"model": "cms.page", "pk": 2, "fields": {"path": "0002", "depth": 1, "numchild": 0, "created_by": "alaric", "changed_by": "alaric", "parent": null, "creation_date": "2018-11-09T14:47:58.138Z", "changed_date": "2018-11-09T15:20:06.338Z", "publication_date": "2018-11-09T14:47:58.136Z", "publication_end_date": null, "in_navigation": true, "soft_root": false, "reverse_id": null, "navigation_extenders": null, "template": "INHERIT", "site": 1, "login_required": false, "limit_visibility_in_menu": null, "is_home": true, "application_urls": null, "application_namespace": null, "publisher_is_draft": false, "publisher_public": 1, "languages": "de", "revision_id": 0, "xframe_options": 0, "placeholders": [3]}}, {"model": "cms.placeholder", "pk": 1, "fields": {"slot": "clipboard", "default_width": null}}, {"model": "cms.placeholder", "pk": 2, "fields": {"slot": "body", "default_width": null}}, {"model": "cms.placeholder", "pk": 3, "fields": {"slot": "body", "default_width": null}}, {"model": "cms.cmsplugin", "pk": 1, "fields": {"path": "0001", "depth": 1, "numchild": 0, "placeholder": 2, "parent": null, "position": 1, "language": "de", "plugin_type": "PicturePlugin", "creation_date": "2018-11-09T15:00:33.769Z", "changed_date": "2018-11-09T15:00:33.776Z"}}, {"model": "cms.cmsplugin", "pk": 3, "fields": {"path": "0003", "depth": 1, "numchild": 0, "placeholder": 2, "parent": null, "position": 2, "language": "de", "plugin_type": "GoogleMapPlugin", "creation_date": "2018-11-09T15:07:43.115Z", "changed_date": "2018-11-09T15:08:23.343Z"}}, {"model": "cms.cmsplugin", "pk": 4, "fields": {"path": "0004", "depth": 1, "numchild": 0, "placeholder": 2, "parent": null, "position": 3, "language": "de", "plugin_type": "StreetViewPlugin", "creation_date": "2018-11-09T15:09:08.739Z", "changed_date": "2018-11-09T15:09:08.744Z"}}, {"model": "cms.cmsplugin", "pk": 5, "fields": {"path": "0005", "depth": 1, "numchild": 4, "placeholder": 2, "parent": null, "position": 4, "language": "de", "plugin_type": "TeaserWrapPlugin", "creation_date": "2018-11-09T15:09:26.029Z", "changed_date": "2018-11-09T15:09:26.032Z"}}, {"model": "cms.cmsplugin", "pk": 6, "fields": {"path": "00050001", "depth": 2, "numchild": 0, "placeholder": 2, "parent": 5, "position": 0, "language": "de", "plugin_type": "TeaserPlugin", "creation_date": "2018-11-09T15:10:53.476Z", "changed_date": "2018-11-09T15:10:53.482Z"}}, {"model": "cms.cmsplugin", "pk": 12, "fields": {"path": "000A", "depth": 1, "numchild": 0, "placeholder": 1, "parent": null, "position": 0, "language": "de", "plugin_type": "TeaserPlugin", "creation_date": "2018-11-09T15:10:53.476Z", "changed_date": "2018-11-09T15:11:14.886Z"}}, {"model": "cms.cmsplugin", "pk": 13, "fields": {"path": "00050002", "depth": 2, "numchild": 0, "placeholder": 2, "parent": 5, "position": 1, "language": "de", "plugin_type": "TeaserPlugin", "creation_date": "2018-11-09T15:10:53.476Z", "changed_date": "2018-11-09T15:11:18.947Z"}}, {"model": "cms.cmsplugin", "pk": 14, "fields": {"path": "00050003", "depth": 2, "numchild": 0, "placeholder": 2, "parent": 5, "position": 2, "language": "de", "plugin_type": "TeaserPlugin", "creation_date": "2018-11-09T15:10:53.476Z", "changed_date": "2018-11-09T15:11:21.769Z"}}, {"model": "cms.cmsplugin", "pk": 15, "fields": {"path": "00050004", "depth": 2, "numchild": 0, "placeholder": 2, "parent": 5, "position": 3, "language": "de", "plugin_type": "TeaserPlugin", "creation_date": "2018-11-09T15:10:53.476Z", "changed_date": "2018-11-09T15:11:25.283Z"}}, {"model": "cms.cmsplugin", "pk": 24, "fields": {"path": "000F", "depth": 1, "numchild": 4, "placeholder": 2, "parent": null, "position": 5, "language": "de", "plugin_type": "GalleryPlugin", "creation_date": "2018-11-09T15:12:37.317Z", "changed_date": "2018-11-09T15:12:37.320Z"}}, {"model": "cms.cmsplugin", "pk": 25, "fields": {"path": "000F0001", "depth": 2, "numchild": 0, "placeholder": 2, "parent": 24, "position": 0, "language": "de", "plugin_type": "GalleryPicturePlugin", "creation_date": "2018-11-09T15:12:46.442Z", "changed_date": "2018-11-09T15:12:46.449Z"}}, {"model": "cms.cmsplugin", "pk": 26, "fields": {"path": "000F0002", "depth": 2, "numchild": 0, "placeholder": 2, "parent": 24, "position": 1, "language": "de", "plugin_type": "GalleryPicturePlugin", "creation_date": "2018-11-09T15:12:56.946Z", "changed_date": "2018-11-09T15:12:56.955Z"}}, {"model": "cms.cmsplugin", "pk": 27, "fields": {"path": "000F0003", "depth": 2, "numchild": 0, "placeholder": 2, "parent": 24, "position": 2, "language": "de", "plugin_type": "GalleryPicturePlugin", "creation_date": "2018-11-09T15:13:07.302Z", "changed_date": "2018-11-09T15:13:07.307Z"}}, {"model": "cms.cmsplugin", "pk": 28, "fields": {"path": "000F0004", "depth": 2, "numchild": 0, "placeholder": 2, "parent": 24, "position": 3, "language": "de", "plugin_type": "GalleryPicturePlugin", "creation_date": "2018-11-09T15:13:19.257Z", "changed_date": "2018-11-09T15:13:19.261Z"}}, {"model": "cms.cmsplugin", "pk": 42, "fields": {"path": "000L", "depth": 1, "numchild": 0, "placeholder": 2, "parent": null, "position": 6, "language": "de", "plugin_type": "HeaderPlugin", "creation_date": "2018-11-09T15:14:12.880Z", "changed_date": "2018-11-09T15:14:12.886Z"}}, {"model": "cms.cmsplugin", "pk": 43, "fields": {"path": "000M", "depth": 1, "numchild": 0, "placeholder": 2, "parent": null, "position": 7, "language": "de", "plugin_type": "IFramePlugin", "creation_date": "2018-11-09T15:14:44.732Z", "changed_date": "2018-11-09T15:14:44.735Z"}}, {"model": "cms.cmsplugin", "pk": 44, "fields": {"path": "000N", "depth": 1, "numchild": 0, "placeholder": 2, "parent": null, "position": 8, "language": "de", "plugin_type": "TextPlugin", "creation_date": "2018-11-09T15:15:33.755Z", "changed_date": "2018-11-09T15:15:33.762Z"}}, {"model": "cms.cmsplugin", "pk": 45, "fields": {"path": "000O", "depth": 1, "numchild": 0, "placeholder": 2, "parent": null, "position": 9, "language": "de", "plugin_type": "TextCKEditorPlugin", "creation_date": "2018-11-09T15:15:55.352Z", "changed_date": "2018-11-09T15:15:55.355Z"}}, {"model": "cms.cmsplugin", "pk": 46, "fields": {"path": "000P", "depth": 1, "numchild": 0, "placeholder": 2, "parent": null, "position": 0, "language": "de", "plugin_type": "TitlePlugin", "creation_date": "2018-11-09T15:16:13.891Z", "changed_date": "2018-11-09T15:16:13.900Z"}}, {"model": "cms.cmsplugin", "pk": 47, "fields": {"path": "000Q", "depth": 1, "numchild": 2, "placeholder": 2, "parent": null, "position": 10, "language": "de", "plugin_type": "SliderPlugin", "creation_date": "2018-11-09T15:17:03.719Z", "changed_date": "2018-11-09T15:17:03.725Z"}}, {"model": "cms.cmsplugin", "pk": 48, "fields": {"path": "000Q0001", "depth": 2, "numchild": 0, "placeholder": 2, "parent": 47, "position": 0, "language": "de", "plugin_type": "SliderSlidePlugin", "creation_date": "2018-11-09T15:17:19.350Z", "changed_date": "2018-11-09T15:17:19.359Z"}}, {"model": "cms.cmsplugin", "pk": 49, "fields": {"path": "000Q0002", "depth": 2, "numchild": 0, "placeholder": 2, "parent": 47, "position": 1, "language": "de", "plugin_type": "SliderSlidePlugin", "creation_date": "2018-11-09T15:17:34.161Z", "changed_date": "2018-11-09T15:17:34.173Z"}}, {"model": "cms.cmsplugin", "pk": 50, "fields": {"path": "000R", "depth": 1, "numchild": 0, "placeholder": 2, "parent": null, "position": 11, "language": "de", "plugin_type": "VideoPlugin", "creation_date": "2018-11-09T15:18:04.542Z", "changed_date": "2018-11-09T15:18:04.656Z"}}, {"model": "cms.cmsplugin", "pk": 51, "fields": {"path": "000S", "depth": 1, "numchild": 2, "placeholder": 2, "parent": null, "position": 12, "language": "de", "plugin_type": "SectionPlugin", "creation_date": "2018-11-09T15:19:13.020Z", "changed_date": "2018-11-09T15:19:13.023Z"}}, {"model": "cms.cmsplugin", "pk": 52, "fields": {"path": "000S0001", "depth": 2, "numchild": 0, "placeholder": 2, "parent": 51, "position": 0, "language": "de", "plugin_type": "GalleryPicturePlugin", "creation_date": "2018-11-09T15:19:24.317Z", "changed_date": "2018-11-09T15:19:24.321Z"}}, {"model": "cms.cmsplugin", "pk": 53, "fields": {"path": "000S0002", "depth": 2, "numchild": 0, "placeholder": 2, "parent": 51, "position": 1, "language": "de", "plugin_type": "TextCKEditorPlugin", "creation_date": "2018-11-09T15:19:57.953Z", "changed_date": "2018-11-09T15:19:57.957Z"}}, {"model": "cms.cmsplugin", "pk": 54, "fields": {"path": "000T", "depth": 1, "numchild": 0, "placeholder": 3, "parent": null, "position": 1, "language": "de", "plugin_type": "PicturePlugin", "creation_date": "2018-11-09T15:00:33.769Z", "changed_date": "2018-11-09T15:20:06.169Z"}}, {"model": "cms.cmsplugin", "pk": 55, "fields": {"path": "000U", "depth": 1, "numchild": 0, "placeholder": 3, "parent": null, "position": 2, "language": "de", "plugin_type": "GoogleMapPlugin", "creation_date": "2018-11-09T15:07:43.115Z", "changed_date": "2018-11-09T15:20:06.174Z"}}, {"model": "cms.cmsplugin", "pk": 56, "fields": {"path": "000V", "depth": 1, "numchild": 0, "placeholder": 3, "parent": null, "position": 3, "language": "de", "plugin_type": "StreetViewPlugin", "creation_date": "2018-11-09T15:09:08.739Z", "changed_date": "2018-11-09T15:20:06.179Z"}}, {"model": "cms.cmsplugin", "pk": 57, "fields": {"path": "000W", "depth": 1, "numchild": 4, "placeholder": 3, "parent": null, "position": 4, "language": "de", "plugin_type": "TeaserWrapPlugin", "creation_date": "2018-11-09T15:09:26.029Z", "changed_date": "2018-11-09T15:20:06.184Z"}}, {"model": "cms.cmsplugin", "pk": 58, "fields": {"path": "000W0001", "depth": 2, "numchild": 0, "placeholder": 3, "parent": 57, "position": 0, "language": "de", "plugin_type": "TeaserPlugin", "creation_date": "2018-11-09T15:10:53.476Z", "changed_date": "2018-11-09T15:20:06.188Z"}}, {"model": "cms.cmsplugin", "pk": 59, "fields": {"path": "000W0002", "depth": 2, "numchild": 0, "placeholder": 3, "parent": 57, "position": 1, "language": "de", "plugin_type": "TeaserPlugin", "creation_date": "2018-11-09T15:10:53.476Z", "changed_date": "2018-11-09T15:20:06.193Z"}}, {"model": "cms.cmsplugin", "pk": 60, "fields": {"path": "000W0003", "depth": 2, "numchild": 0, "placeholder": 3, "parent": 57, "position": 2, "language": "de", "plugin_type": "TeaserPlugin", "creation_date": "2018-11-09T15:10:53.476Z", "changed_date": "2018-11-09T15:20:06.198Z"}}, {"model": "cms.cmsplugin", "pk": 61, "fields": {"path": "000W0004", "depth": 2, "numchild": 0, "placeholder": 3, "parent": 57, "position": 3, "language": "de", "plugin_type": "TeaserPlugin", "creation_date": "2018-11-09T15:10:53.476Z", "changed_date": "2018-11-09T15:20:06.203Z"}}, {"model": "cms.cmsplugin", "pk": 62, "fields": {"path": "000X", "depth": 1, "numchild": 4, "placeholder": 3, "parent": null, "position": 5, "language": "de", "plugin_type": "GalleryPlugin", "creation_date": "2018-11-09T15:12:37.317Z", "changed_date": "2018-11-09T15:20:06.207Z"}}, {"model": "cms.cmsplugin", "pk": 63, "fields": {"path": "000X0001", "depth": 2, "numchild": 0, "placeholder": 3, "parent": 62, "position": 0, "language": "de", "plugin_type": "GalleryPicturePlugin", "creation_date": "2018-11-09T15:12:46.442Z", "changed_date": "2018-11-09T15:20:06.212Z"}}, {"model": "cms.cmsplugin", "pk": 64, "fields": {"path": "000X0002", "depth": 2, "numchild": 0, "placeholder": 3, "parent": 62, "position": 1, "language": "de", "plugin_type": "GalleryPicturePlugin", "creation_date": "2018-11-09T15:12:56.946Z", "changed_date": "2018-11-09T15:20:06.217Z"}}, {"model": "cms.cmsplugin", "pk": 65, "fields": {"path": "000X0003", "depth": 2, "numchild": 0, "placeholder": 3, "parent": 62, "position": 2, "language": "de", "plugin_type": "GalleryPicturePlugin", "creation_date": "2018-11-09T15:13:07.302Z", "changed_date": "2018-11-09T15:20:06.222Z"}}, {"model": "cms.cmsplugin", "pk": 66, "fields": {"path": "000X0004", "depth": 2, "numchild": 0, "placeholder": 3, "parent": 62, "position": 3, "language": "de", "plugin_type": "GalleryPicturePlugin", "creation_date": "2018-11-09T15:13:19.257Z", "changed_date": "2018-11-09T15:20:06.228Z"}}, {"model": "cms.cmsplugin", "pk": 67, "fields": {"path": "000Y", "depth": 1, "numchild": 0, "placeholder": 3, "parent": null, "position": 6, "language": "de", "plugin_type": "HeaderPlugin", "creation_date": "2018-11-09T15:14:12.880Z", "changed_date": "2018-11-09T15:20:06.232Z"}}, {"model": "cms.cmsplugin", "pk": 68, "fields": {"path": "000Z", "depth": 1, "numchild": 0, "placeholder": 3, "parent": null, "position": 7, "language": "de", "plugin_type": "IFramePlugin", "creation_date": "2018-11-09T15:14:44.732Z", "changed_date": "2018-11-09T15:20:06.237Z"}}, {"model": "cms.cmsplugin", "pk": 69, "fields": {"path": "0010", "depth": 1, "numchild": 0, "placeholder": 3, "parent": null, "position": 8, "language": "de", "plugin_type": "TextPlugin", "creation_date": "2018-11-09T15:15:33.755Z", "changed_date": "2018-11-09T15:20:06.242Z"}}, {"model": "cms.cmsplugin", "pk": 70, "fields": {"path": "0011", "depth": 1, "numchild": 0, "placeholder": 3, "parent": null, "position": 9, "language": "de", "plugin_type": "TextCKEditorPlugin", "creation_date": "2018-11-09T15:15:55.352Z", "changed_date": "2018-11-09T15:20:06.248Z"}}, {"model": "cms.cmsplugin", "pk": 71, "fields": {"path": "0012", "depth": 1, "numchild": 0, "placeholder": 3, "parent": null, "position": 0, "language": "de", "plugin_type": "TitlePlugin", "creation_date": "2018-11-09T15:16:13.891Z", "changed_date": "2018-11-09T15:20:06.253Z"}}, {"model": "cms.cmsplugin", "pk": 72, "fields": {"path": "0013", "depth": 1, "numchild": 2, "placeholder": 3, "parent": null, "position": 10, "language": "de", "plugin_type": "SliderPlugin", "creation_date": "2018-11-09T15:17:03.719Z", "changed_date": "2018-11-09T15:20:06.259Z"}}, {"model": "cms.cmsplugin", "pk": 73, "fields": {"path": "00130001", "depth": 2, "numchild": 0, "placeholder": 3, "parent": 72, "position": 0, "language": "de", "plugin_type": "SliderSlidePlugin", "creation_date": "2018-11-09T15:17:19.350Z", "changed_date": "2018-11-09T15:20:06.270Z"}}, {"model": "cms.cmsplugin", "pk": 74, "fields": {"path": "00130002", "depth": 2, "numchild": 0, "placeholder": 3, "parent": 72, "position": 1, "language": "de", "plugin_type": "SliderSlidePlugin", "creation_date": "2018-11-09T15:17:34.161Z", "changed_date": "2018-11-09T15:20:06.280Z"}}, {"model": "cms.cmsplugin", "pk": 75, "fields": {"path": "0014", "depth": 1, "numchild": 0, "placeholder": 3, "parent": null, "position": 11, "language": "de", "plugin_type": "VideoPlugin", "creation_date": "2018-11-09T15:18:04.542Z", "changed_date": "2018-11-09T15:20:06.287Z"}}, {"model": "cms.cmsplugin", "pk": 76, "fields": {"path": "0015", "depth": 1, "numchild": 2, "placeholder": 3, "parent": null, "position": 12, "language": "de", "plugin_type": "SectionPlugin", "creation_date": "2018-11-09T15:19:13.020Z", "changed_date": "2018-11-09T15:20:06.293Z"}}, {"model": "cms.cmsplugin", "pk": 77, "fields": {"path": "00150001", "depth": 2, "numchild": 0, "placeholder": 3, "parent": 76, "position": 0, "language": "de", "plugin_type": "GalleryPicturePlugin", "creation_date": "2018-11-09T15:19:24.317Z", "changed_date": "2018-11-09T15:20:06.299Z"}}, {"model": "cms.cmsplugin", "pk": 78, "fields": {"path": "00150002", "depth": 2, "numchild": 0, "placeholder": 3, "parent": 76, "position": 1, "language": "de", "plugin_type": "TextCKEditorPlugin", "creation_date": "2018-11-09T15:19:57.953Z", "changed_date": "2018-11-09T15:20:06.305Z"}}, {"model": "cms.title", "pk": 1, "fields": {"language": "de", "title": "Home", "page_title": "", "menu_title": "", "meta_description": "", "slug": "home", "path": "", "has_url_overwrite": false, "redirect": null, "page": 1, "creation_date": "2018-11-09T14:47:58.133Z", "published": true, "publisher_is_draft": true, "publisher_public": 2, "publisher_state": 0}}, {"model": "cms.title", "pk": 2, "fields": {"language": "de", "title": "Home", "page_title": "", "menu_title": "", "meta_description": "", "slug": "home", "path": "", "has_url_overwrite": false, "redirect": null, "page": 2, "creation_date": "2018-11-09T14:47:58.133Z", "published": true, "publisher_is_draft": false, "publisher_public": 1, "publisher_state": 1}}, {"model": "cms.title", "pk": 3, "fields": {"language": "fr", "title": "Home", "page_title": "", "menu_title": "", "meta_description": "", "slug": "home", "path": "", "has_url_overwrite": false, "redirect": null, "page": 1, "creation_date": "2018-11-09T14:48:06.356Z", "published": false, "publisher_is_draft": true, "publisher_public": null, "publisher_state": 1}}, {"model": "cms.urlconfrevision", "pk": 1, "fields": {"revision": "84798020-37b5-488e-86ee-a07c1910aafe"}}, {"model": "filer.folder", "pk": 1, "fields": {"parent": null, "name": "Test", "owner": 1, "uploaded_at": "2018-11-09T15:00:09.968Z", "created_at": "2018-11-09T15:00:09.968Z", "modified_at": "2018-11-09T15:00:09.968Z", "lft": 1, "rght": 2, "tree_id": 1, "level": 0}}, {"model": "filer.file", "pk": 1, "fields": {"polymorphic_ctype": 32, "folder": 1, "file": "filer_public/0d/1b/0d1b329f-c6fe-4ac0-93c9-48b846c37e65/5442854916408097.jpg", "_file_size": 410173, "sha1": "322b1d1b3e8be5f838c0ae65f2fcc7fbcbf352e3", "has_all_mandatory_data": false, "original_filename": "5442854916408097.jpg", "name": "", "description": null, "owner": 1, "uploaded_at": "2018-11-09T15:00:21.467Z", "modified_at": "2018-11-09T15:00:21.467Z", "is_public": true}}, {"model": "filer.file", "pk": 2, "fields": {"polymorphic_ctype": 26, "folder": 1, "file": "filer_public/2e/6e/2e6e9148-f5c8-4e09-99a9-2673c2bbab1d/if_32_171485.svg", "_file_size": 1031, "sha1": "fdb75d73b8af05fe4bb8b1d28cabb05f24004b42", "has_all_mandatory_data": false, "original_filename": "if_32_171485.svg", "name": "", "description": null, "owner": 1, "uploaded_at": "2018-11-09T15:10:23.967Z", "modified_at": "2018-11-09T15:10:23.967Z", "is_public": true}}, {"model": "filer.clipboard", "pk": 1, "fields": {"user": 1}}, {"model": "filer.image", "pk": 1, "fields": {"_height": 1777, "_width": 1536, "default_alt_text": null, "default_caption": null, "subject_location": "", "date_taken": "2018-11-09T15:00:21.464Z", "author": null, "must_always_publish_author_credit": false, "must_always_publish_copyright": false}}, {"model": "headers.header", "pk": 42, "fields": {"css_class": "", "in_navigation": false, "is_visible": true, "height": "", "width": "", "name": "Huiiii", "show_name": true, "slug": "huiiii-5", "cms_page": 1, "abstract": "Buiiiii", "description": "BlaBla", "text_position": "text-top-left", "text_color": "", "image": 1}}, {"model": "headers.header", "pk": 67, "fields": {"css_class": "", "in_navigation": false, "is_visible": true, "height": "", "width": "", "name": "Huiiii", "show_name": true, "slug": "huiiii-6", "cms_page": 2, "abstract": "Buiiiii", "description": "BlaBla", "text_position": "text-top-left", "text_color": "", "image": 1}}, {"model": "iframes.iframe", "pk": 43, "fields": {"css_class": "", "in_navigation": false, "is_visible": true, "height": "", "width": "", "name": "", "show_name": true, "slug": "section-6", "cms_page": 1, "markup": "<iframe src=\"https://player.vimeo.com/video/5734105\" width=\"640\" height=\"360\" frameborder=\"0\" webkitallowfullscreen mozallowfullscreen allowfullscreen></iframe>\r\n<p><a href=\"https://vimeo.com/5734105\">Voltage</a> from <a href=\"https://vimeo.com/bamstudiofilms\">Bam Studio</a> on <a href=\"https://vimeo.com\">Vimeo</a>.</p>"}}, {"model": "iframes.iframe", "pk": 68, "fields": {"css_class": "", "in_navigation": false, "is_visible": true, "height": "", "width": "", "name": "", "show_name": true, "slug": "section-7", "cms_page": 2, "markup": "<iframe src=\"https://player.vimeo.com/video/5734105\" width=\"640\" height=\"360\" frameborder=\"0\" webkitallowfullscreen mozallowfullscreen allowfullscreen></iframe>\r\n<p><a href=\"https://vimeo.com/5734105\">Voltage</a> from <a href=\"https://vimeo.com/bamstudiofilms\">Bam Studio</a> on <a href=\"https://vimeo.com\">Vimeo</a>.</p>"}}, {"model": "maps.googlemap", "pk": 3, "fields": {"css_class": "", "in_navigation": false, "is_visible": true, "height": "", "width": "", "name": "Huiii", "show_name": true, "slug": "huiii-1", "cms_page": 1, "address": "Place Roger-Schaffter", "zipcode": "2882", "city": "Saint-Ursanne", "info_content": "Place Roger-Schaffter\r\n2882 Saint-Ursanne", "info_image": null, "map_type": "ROADMAP", "style": "", "zoom": 14, "lat": "47.364569", "lng": "7.1554631", "pan_heading": null, "pan_pitch": null, "route_planer_title": "Calculate your fastest way to here", "route_planer": false, "info_window": true, "scrollwheel": true, "double_click_zoom": true, "draggable": true, "keyboard_shortcuts": true, "pan_control": true, "zoom_control": true, "street_view_control": true}}, {"model": "maps.googlemap", "pk": 4, "fields": {"css_class": "", "in_navigation": false, "is_visible": true, "height": "", "width": "", "name": "", "show_name": true, "slug": "section-2", "cms_page": 1, "address": "Place Roger-Schaffter", "zipcode": "2882", "city": "Saint-Ursanne", "info_content": "", "info_image": null, "map_type": "ROADMAP", "style": "", "zoom": 14, "lat": "47.364569", "lng": "7.1554631", "pan_heading": null, "pan_pitch": null, "route_planer_title": "Calculate your fastest way to here", "route_planer": false, "info_window": true, "scrollwheel": true, "double_click_zoom": true, "draggable": true, "keyboard_shortcuts": true, "pan_control": true, "zoom_control": true, "street_view_control": true}}, {"model": "maps.googlemap", "pk": 55, "fields": {"css_class": "", "in_navigation": false, "is_visible": true, "height": "", "width": "", "name": "Huiii", "show_name": true, "slug": "huiii-2", "cms_page": 2, "address": "Place Roger-Schaffter", "zipcode": "2882", "city": "Saint-Ursanne", "info_content": "Place Roger-Schaffter\r\n2882 Saint-Ursanne", "info_image": null, "map_type": "ROADMAP", "style": "", "zoom": 14, "lat": "47.364569", "lng": "7.1554631", "pan_heading": null, "pan_pitch": null, "route_planer_title": "Calculate your fastest way to here", "route_planer": false, "info_window": true, "scrollwheel": true, "double_click_zoom": true, "draggable": true, "keyboard_shortcuts": true, "pan_control": true, "zoom_control": true, "street_view_control": true}}, {"model": "maps.googlemap", "pk": 56, "fields": {"css_class": "", "in_navigation": false, "is_visible": true, "height": "", "width": "", "name": "", "show_name": true, "slug": "section-3", "cms_page": 2, "address": "Place Roger-Schaffter", "zipcode": "2882", "city": "Saint-Ursanne", "info_content": "", "info_image": null, "map_type": "ROADMAP", "style": "", "zoom": 14, "lat": "47.364569", "lng": "7.1554631", "pan_heading": null, "pan_pitch": null, "route_planer_title": "Calculate your fastest way to here", "route_planer": false, "info_window": true, "scrollwheel": true, "double_click_zoom": true, "draggable": true, "keyboard_shortcuts": true, "pan_control": true, "zoom_control": true, "street_view_control": true}}, {"model": "pictures.gallery", "pk": 24, "fields": {"css_class": "", "in_navigation": false, "is_visible": true, "height": "", "width": "", "name": "Huiii", "show_name": true, "slug": "huiii-4", "cms_page": 1, "layout": "", "abstract": "Pfuiii", "description": "lknjlkj lkj lkjlk lkj lkj lkjl lkjlkj \r\nlkjlkj\u00e4pk \u00f6,m \u00f6lml lk\u00f6l lkj \u00f6llk\u00e4\u00f6lklk\u00f6lk\u00f6lk\u00f6lk\u00f6lk \u00f6lk\u00f6 ljkk\u00f6l"}}, {"model": "pictures.gallery", "pk": 62, "fields": {"css_class": "", "in_navigation": false, "is_visible": true, "height": "", "width": "", "name": "Huiii", "show_name": true, "slug": "huiii-5", "cms_page": 2, "layout": "", "abstract": "Pfuiii", "description": "lknjlkj lkj lkjlk lkj lkj lkjl lkjlkj \r\nlkjlkj\u00e4pk \u00f6,m \u00f6lml lk\u00f6l lkj \u00f6llk\u00e4\u00f6lklk\u00f6lk\u00f6lk\u00f6lk\u00f6lk \u00f6lk\u00f6 ljkk\u00f6l"}}, {"model": "pictures.picture", "pk": 1, "fields": {"css_class": "", "in_navigation": false, "is_visible": true, "height": "", "width": "", "name": "", "show_name": true, "slug": "section-0", "cms_page": 1, "show_popup": false, "image": 1, "abstract": "", "description": ""}}, {"model": "pictures.picture", "pk": 25, "fields": {"css_class": "", "in_navigation": false, "is_visible": true, "height": "", "width": "", "name": "sdaasasas", "show_name": true, "slug": "sdaasasas-0", "cms_page": 1, "show_popup": false, "image": 1, "abstract": "", "description": ""}}, {"model": "pictures.picture", "pk": 26, "fields": {"css_class": "", "in_navigation": false, "is_visible": true, "height": "", "width": "", "name": "asasasasas", "show_name": true, "slug": "asasasasas-1", "cms_page": 1, "show_popup": false, "image": 1, "abstract": "", "description": ""}}, {"model": "pictures.picture", "pk": 27, "fields": {"css_class": "", "in_navigation": false, "is_visible": true, "height": "", "width": "", "name": "asasasasaasas", "show_name": true, "slug": "asasasasaasas-2", "cms_page": 1, "show_popup": false, "image": 1, "abstract": "", "description": ""}}, {"model": "pictures.picture", "pk": 28, "fields": {"css_class": "", "in_navigation": false, "is_visible": true, "height": "", "width": "", "name": "guvbxcvxvxcv", "show_name": true, "slug": "guvbxcvxvxcv-3", "cms_page": 1, "show_popup": false, "image": 1, "abstract": "", "description": ""}}, {"model": "pictures.picture", "pk": 52, "fields": {"css_class": "", "in_navigation": false, "is_visible": true, "height": "", "width": "", "name": "asasas", "show_name": true, "slug": "asasas-0", "cms_page": 1, "show_popup": false, "image": 1, "abstract": "", "description": ""}}, {"model": "pictures.picture", "pk": 54, "fields": {"css_class": "", "in_navigation": false, "is_visible": true, "height": "", "width": "", "name": "", "show_name": true, "slug": "section-1", "cms_page": 2, "show_popup": false, "image": 1, "abstract": "", "description": ""}}, {"model": "pictures.picture", "pk": 63, "fields": {"css_class": "", "in_navigation": false, "is_visible": true, "height": "", "width": "", "name": "sdaasasas", "show_name": true, "slug": "sdaasasas-0", "cms_page": 2, "show_popup": false, "image": 1, "abstract": "", "description": ""}}, {"model": "pictures.picture", "pk": 64, "fields": {"css_class": "", "in_navigation": false, "is_visible": true, "height": "", "width": "", "name": "asasasasas", "show_name": true, "slug": "asasasasas-1", "cms_page": 2, "show_popup": false, "image": 1, "abstract": "", "description": ""}}, {"model": "pictures.picture", "pk": 65, "fields": {"css_class": "", "in_navigation": false, "is_visible": true, "height": "", "width": "", "name": "asasasasaasas", "show_name": true, "slug": "asasasasaasas-2", "cms_page": 2, "show_popup": false, "image": 1, "abstract": "", "description": ""}}, {"model": "pictures.picture", "pk": 66, "fields": {"css_class": "", "in_navigation": false, "is_visible": true, "height": "", "width": "", "name": "guvbxcvxvxcv", "show_name": true, "slug": "guvbxcvxvxcv-3", "cms_page": 2, "show_popup": false, "image": 1, "abstract": "", "description": ""}}, {"model": "pictures.picture", "pk": 77, "fields": {"css_class": "", "in_navigation": false, "is_visible": true, "height": "", "width": "", "name": "asasas", "show_name": true, "slug": "asasas-0", "cms_page": 2, "show_popup": false, "image": 1, "abstract": "", "description": ""}}, {"model": "sections.section", "pk": 51, "fields": {"css_class": "", "in_navigation": false, "is_visible": true, "height": "", "width": "", "name": "assasasasasasas", "show_name": true, "slug": "assasasasasasas-12", "cms_page": 1, "bg_color": "", "bg_image": null, "html_tag": "div"}}, {"model": "sections.section", "pk": 76, "fields": {"css_class": "", "in_navigation": false, "is_visible": true, "height": "", "width": "", "name": "assasasasasasas", "show_name": true, "slug": "assasasasasasas-12", "cms_page": 2, "bg_color": "", "bg_image": null, "html_tag": "div"}}, {"model": "sliders.slider", "pk": 47, "fields": {"css_class": "", "in_navigation": false, "is_visible": true, "height": "", "width": "", "name": "slider", "show_name": true, "slug": "slider-10", "cms_page": 1, "autoplay": true, "loop": false, "arrows": false, "indicators": false}}, {"model": "sliders.slider", "pk": 72, "fields": {"css_class": "", "in_navigation": false, "is_visible": true, "height": "", "width": "", "name": "slider", "show_name": true, "slug": "slider-10", "cms_page": 2, "autoplay": true, "loop": false, "arrows": false, "indicators": false}}, {"model": "sliders.slide", "pk": 48, "fields": {"css_class": "", "in_navigation": false, "is_visible": true, "height": "", "width": "", "name": "", "show_name": true, "slug": "section-0", "cms_page": 1, "name_sub": "", "abstract": "", "description": "", "text_animation": "", "text_color": "", "text_position": "", "image": 1, "image_animation": ""}}, {"model": "sliders.slide", "pk": 49, "fields": {"css_class": "", "in_navigation": false, "is_visible": true, "height": "", "width": "", "name": "asasas", "show_name": true, "slug": "asasas-1", "cms_page": 1, "name_sub": "", "abstract": "asasas", "description": "asasas", "text_animation": "", "text_color": "", "text_position": "", "image": 1, "image_animation": ""}}, {"model": "sliders.slide", "pk": 73, "fields": {"css_class": "", "in_navigation": false, "is_visible": true, "height": "", "width": "", "name": "", "show_name": true, "slug": "section-0", "cms_page": 2, "name_sub": "", "abstract": "", "description": "", "text_animation": "", "text_color": "", "text_position": "", "image": 1, "image_animation": ""}}, {"model": "sliders.slide", "pk": 74, "fields": {"css_class": "", "in_navigation": false, "is_visible": true, "height": "", "width": "", "name": "asasas", "show_name": true, "slug": "asasas-1", "cms_page": 2, "name_sub": "", "abstract": "asasas", "description": "asasas", "text_animation": "", "text_color": "", "text_position": "", "image": 1, "image_animation": ""}}, {"model": "sliders.link", "pk": 1, "fields": {"plugin": 48, "name": "asas", "abstract": "asasas", "cms_page": 1, "anchor": "", "filer_file": null, "url": "", "email": ""}}, {"model": "sliders.link", "pk": 2, "fields": {"plugin": 73, "name": "asas", "abstract": "asasas", "cms_page": 1, "anchor": "", "filer_file": null, "url": "", "email": ""}}, {"model": "teasers.teaserwrap", "pk": 5, "fields": {"css_class": "", "in_navigation": false, "is_visible": true, "height": "", "width": "", "name": "", "slug": "", "cms_page": null}}, {"model": "teasers.teaserwrap", "pk": 57, "fields": {"css_class": "", "in_navigation": false, "is_visible": true, "height": "", "width": "", "name": "", "slug": "", "cms_page": null}}, {"model": "teasers.teaser", "pk": 6, "fields": {"link_cms": 1, "name": "Test", "body": "Test Test Test\r\nTest\r\nTest", "filer_icon": 2, "filer_image": 1}}, {"model": "teasers.teaser", "pk": 12, "fields": {"link_cms": 1, "name": "Test", "body": "Test Test Test\r\nTest\r\nTest", "filer_icon": 2, "filer_image": 1}}, {"model": "teasers.teaser", "pk": 13, "fields": {"link_cms": 1, "name": "Test", "body": "Test Test Test\r\nTest\r\nTest", "filer_icon": 2, "filer_image": 1}}, {"model": "teasers.teaser", "pk": 14, "fields": {"link_cms": 1, "name": "Test", "body": "Test Test Test\r\nTest\r\nTest", "filer_icon": 2, "filer_image": 1}}, {"model": "teasers.teaser", "pk": 15, "fields": {"link_cms": 1, "name": "Test", "body": "Test Test Test\r\nTest\r\nTest", "filer_icon": 2, "filer_image": 1}}, {"model": "teasers.teaser", "pk": 58, "fields": {"link_cms": 1, "name": "Test", "body": "Test Test Test\r\nTest\r\nTest", "filer_icon": 2, "filer_image": 1}}, {"model": "teasers.teaser", "pk": 59, "fields": {"link_cms": 1, "name": "Test", "body": "Test Test Test\r\nTest\r\nTest", "filer_icon": 2, "filer_image": 1}}, {"model": "teasers.teaser", "pk": 60, "fields": {"link_cms": 1, "name": "Test", "body": "Test Test Test\r\nTest\r\nTest", "filer_icon": 2, "filer_image": 1}}, {"model": "teasers.teaser", "pk": 61, "fields": {"link_cms": 1, "name": "Test", "body": "Test Test Test\r\nTest\r\nTest", "filer_icon": 2, "filer_image": 1}}, {"model": "text.text", "pk": 44, "fields": {"css_class": "", "in_navigation": false, "is_visible": true, "height": "", "width": "", "name": "", "show_name": true, "slug": "section-7", "cms_page": 1, "body": "Ich bin nur ein kleiner Blindtext. Wenn ich gross bin, will ich Ulysses von James Joyce werden. Aber jetzt lohnt es sich noch nicht, mich weiterzulesen. Denn vorerst bin ich nur ein kleiner Blindtext."}}, {"model": "text.text", "pk": 45, "fields": {"css_class": "", "in_navigation": false, "is_visible": true, "height": "", "width": "", "name": "", "show_name": true, "slug": "section-8", "cms_page": 1, "body": "<p>Ich bin nur ein kleiner Blindtext. Wenn ich gross bin, will ich Ulysses von James Joyce werden. Aber jetzt lohnt es sich noch nicht, mich weiterzulesen. Denn vorerst bin ich nur ein kleiner Blindtext.</p>"}}, {"model": "text.text", "pk": 46, "fields": {"css_class": "", "in_navigation": false, "is_visible": true, "height": "", "width": "", "name": "", "show_name": true, "slug": "section-9", "cms_page": 1, "body": "Ich bin ein Testtitel"}}, {"model": "text.text", "pk": 53, "fields": {"css_class": "", "in_navigation": false, "is_visible": true, "height": "", "width": "", "name": "", "show_name": true, "slug": "section-1", "cms_page": 1, "body": "<p>saasadfasasasasasas</p>"}}, {"model": "text.text", "pk": 69, "fields": {"css_class": "", "in_navigation": false, "is_visible": true, "height": "", "width": "", "name": "", "show_name": true, "slug": "section-8", "cms_page": 2, "body": "Ich bin nur ein kleiner Blindtext. Wenn ich gross bin, will ich Ulysses von James Joyce werden. Aber jetzt lohnt es sich noch nicht, mich weiterzulesen. Denn vorerst bin ich nur ein kleiner Blindtext."}}, {"model": "text.text", "pk": 70, "fields": {"css_class": "", "in_navigation": false, "is_visible": true, "height": "", "width": "", "name": "", "show_name": true, "slug": "section-9", "cms_page": 2, "body": "<p>Ich bin nur ein kleiner Blindtext. Wenn ich gross bin, will ich Ulysses von James Joyce werden. Aber jetzt lohnt es sich noch nicht, mich weiterzulesen. Denn vorerst bin ich nur ein kleiner Blindtext.</p>"}}, {"model": "text.text", "pk": 71, "fields": {"css_class": "", "in_navigation": false, "is_visible": true, "height": "", "width": "", "name": "", "show_name": true, "slug": "section-0", "cms_page": 2, "body": "Ich bin ein Testtitel"}}, {"model": "text.text", "pk": 78, "fields": {"css_class": "", "in_navigation": false, "is_visible": true, "height": "", "width": "", "name": "", "show_name": true, "slug": "section-1", "cms_page": 2, "body": "<p>saasadfasasasasasas</p>"}}, {"model": "videos.video", "pk": 50, "fields": {"css_class": "", "in_navigation": false, "is_visible": true, "height": "", "width": "", "name": "aSASASASASasasas", "show_name": true, "slug": "asasasasasasasas-11", "cms_page": 1, "autoplay": false, "controls": true, "fullscreen": true, "infos": true, "loop": false, "mute": false, "abstract": "asasas aw asas", "description": "as as as asasaws", "video_url": "https://vimeo.com/5734105", "image": 1}}, {"model": "videos.video", "pk": 75, "fields": {"css_class": "", "in_navigation": false, "is_visible": true, "height": "", "width": "", "name": "aSASASASASasasas", "show_name": true, "slug": "asasasasasasasas-11", "cms_page": 2, "autoplay": false, "controls": true, "fullscreen": true, "infos": true, "loop": false, "mute": false, "abstract": "asasas aw asas", "description": "as as as asasaws", "video_url": "https://vimeo.com/5734105", "image": 1}}]